<?xml version="1.0" encoding="UTF-8"?>
<project-private xmlns="http://www.netbeans.org/ns/project-private/1">
    <editor-bookmarks xmlns="http://www.netbeans.org/ns/editor-bookmarks/2" lastBookmarkId="0"/>
    <open-files xmlns="http://www.netbeans.org/ns/projectui-open-files/2">
        <group>
            <file>file:/C:/Users/96657/Documents/NetBeansProjects/CPIT-252/src/factorydemo/DomesticPlan.java</file>
            <file>file:/C:/Users/96657/Documents/NetBeansProjects/CPIT-252/src/factorydemo/GetPlanFactory.java</file>
            <file>file:/C:/Users/96657/Documents/NetBeansProjects/CPIT-252/src/courseinfo/CivilServices.java</file>
            <file>file:/C:/Users/96657/Documents/NetBeansProjects/CPIT-252/src/abstractfactorydemo/Diploma.java</file>
            <file>file:/C:/Users/96657/Documents/NetBeansProjects/CPIT-252/src/courseinfo/CourseInformation.java</file>
            <file>file:/C:/Users/96657/Documents/NetBeansProjects/CPIT-252/src/abstractfactorydemo/CSDegree.java</file>
            <file>file:/C:/Users/96657/Documents/NetBeansProjects/CPIT-252/src/abstractfactorydemo/ITDiploma.java</file>
            <file>file:/C:/Users/96657/Documents/NetBeansProjects/CPIT-252/src/courseinfo/Health.java</file>
            <file>file:/C:/Users/96657/Documents/NetBeansProjects/CPIT-252/src/courseinfo/Course.java</file>
            <file>file:/C:/Users/96657/Documents/NetBeansProjects/CPIT-252/src/courseinfo/Computer.java</file>
            <file>file:/C:/Users/96657/Documents/NetBeansProjects/CPIT-252/src/courseinfo/Admission.java</file>
            <file>file:/C:/Users/96657/Documents/NetBeansProjects/CPIT-252/src/Singleton/Singleton.java</file>
            <file>file:/C:/Users/96657/Documents/NetBeansProjects/CPIT-252/src/factorydemo/InstitutionalPlan.java</file>
            <file>file:/C:/Users/96657/Documents/NetBeansProjects/CPIT-252/src/abstractfactorydemo/Degree.java</file>
            <file>file:/C:/Users/96657/Documents/NetBeansProjects/CPIT-252/src/abstractfactorydemo/CSDiploma.java</file>
            <file>file:/C:/Users/96657/Documents/NetBeansProjects/CPIT-252/src/Singleton/Singletonclass.java</file>
            <file>file:/C:/Users/96657/Documents/NetBeansProjects/CPIT-252/src/factorydemo/GenerateBill.java</file>
            <file>file:/C:/Users/96657/Documents/NetBeansProjects/CPIT-252/src/factorydemo/CommercialPlan.java</file>
            <file>file:/C:/Users/96657/Documents/NetBeansProjects/CPIT-252/src/abstractfactorydemo/ITDegree.java</file>
            <file>file:/C:/Users/96657/Documents/NetBeansProjects/CPIT-252/src/factorydemo/Plan.java</file>
            <file>file:/C:/Users/96657/Documents/NetBeansProjects/CPIT-252/src/abstractfactorydemo/AbstractFactory.java</file>
        </group>
    </open-files>
</project-private>
