<?xml version="1.0" encoding="UTF-8"?>
<project-private xmlns="http://www.netbeans.org/ns/project-private/1">
    <editor-bookmarks xmlns="http://www.netbeans.org/ns/editor-bookmarks/2" lastBookmarkId="0"/>
    <open-files xmlns="http://www.netbeans.org/ns/projectui-open-files/2">
        <group>
            <file>file:/C:/Users/96657/Documents/NetBeansProjects/CPIT-252/src/chainofresponsibilitydemo/Handler.java</file>
            <file>file:/C:/Users/96657/Documents/NetBeansProjects/CPIT-252/src/proxydesignpatterndemo/PizzaSubject.java</file>
            <file>file:/C:/Users/96657/Documents/NetBeansProjects/CPIT-252/src/proxydesignpatterndemo/ProxyDesignPatternDemo.java</file>
            <file>file:/C:/Users/96657/Documents/NetBeansProjects/CPIT-252/src/proxydesignpatterndemo/ProxyPizza.java</file>
            <file>file:/C:/Users/96657/Documents/NetBeansProjects/CPIT-252/src/proxypatterndemo/Rectangle.java</file>
            <file>file:/C:/Users/96657/Documents/NetBeansProjects/CPIT-252/src/proxypatterndemo/Shape.java</file>
            <file>file:/C:/Users/96657/Documents/NetBeansProjects/CPIT-252/src/proxydesignpatterndemo/Pizza.java</file>
            <file>file:/C:/Users/96657/Documents/NetBeansProjects/CPIT-252/src/chainofresponsibilitydemo/Numbers.java</file>
            <file>file:/C:/Users/96657/Documents/NetBeansProjects/CPIT-252/src/proxypatterndemo/DemoExample.java</file>
            <file>file:/C:/Users/96657/Documents/NetBeansProjects/CPIT-252/src/proxypatterndemo/Circle.java</file>
        </group>
    </open-files>
</project-private>
