<?xml version="1.0" encoding="UTF-8"?>
<project-private xmlns="http://www.netbeans.org/ns/project-private/1">
    <editor-bookmarks xmlns="http://www.netbeans.org/ns/editor-bookmarks/2" lastBookmarkId="0"/>
    <open-files xmlns="http://www.netbeans.org/ns/projectui-open-files/2">
        <group>
            <file>file:/C:/Users/2135813/Documents/NetBeansProjects/CPIT-252/src/prototypedemo/EmployeeRecord.java</file>
            <file>file:/C:/Users/2135813/Documents/NetBeansProjects/CPIT-252/src/abstractfactorydemo1/IPhone.java</file>
            <file>file:/C:/Users/2135813/Documents/NetBeansProjects/CPIT-252/src/abstractfactorydemo/Diploma.java</file>
            <file>file:/C:/Users/2135813/Documents/NetBeansProjects/CPIT-252/src/abstractfactorydemo/Degree.java</file>
            <file>file:/C:/Users/2135813/Documents/NetBeansProjects/CPIT-252/src/abstractfactorydemo1/SamsungTablet.java</file>
            <file>file:/C:/Users/2135813/Documents/NetBeansProjects/CPIT-252/src/abstractfactorydemo1/SamsungPhone.java</file>
            <file>file:/C:/Users/2135813/Documents/NetBeansProjects/CPIT-252/src/abstractfactorydemo1/Ipad.java</file>
            <file>file:/C:/Users/2135813/Documents/NetBeansProjects/CPIT-252/src/abstractfactorydemo1/Tablet.java</file>
            <file>file:/C:/Users/2135813/Documents/NetBeansProjects/CPIT-252/src/abstractfactorydemo1/AppleProductFactory.java</file>
            <file>file:/C:/Users/2135813/Documents/NetBeansProjects/CPIT-252/src/abstractfactorydemo/CSDiploma.java</file>
            <file>file:/C:/Users/2135813/Documents/NetBeansProjects/CPIT-252/src/abstractfactorydemo1/AbstractFactory.java</file>
            <file>file:/C:/Users/2135813/Documents/NetBeansProjects/CPIT-252/src/abstractfactorydemo/ITcourseFactory.java</file>
            <file>file:/C:/Users/2135813/Documents/NetBeansProjects/CPIT-252/src/abstractfactorydemo/CScourseFactory.java</file>
            <file>file:/C:/Users/2135813/Documents/NetBeansProjects/CPIT-252/src/abstractfactorydemo1/Abstractfactorydemo1.java</file>
            <file>file:/C:/Users/2135813/Documents/NetBeansProjects/CPIT-252/src/prototypedemo/Prototype.java</file>
            <file>file:/C:/Users/2135813/Documents/NetBeansProjects/CPIT-252/src/abstractfactorydemo1/Phone.java</file>
            <file>file:/C:/Users/2135813/Documents/NetBeansProjects/CPIT-252/src/abstractfactorydemo/AbstractFactoryDemo.java</file>
            <file>file:/C:/Users/2135813/Documents/NetBeansProjects/CPIT-252/src/abstractfactorydemo/AbstractFactory.java</file>
            <file>file:/C:/Users/2135813/Documents/NetBeansProjects/CPIT-252/src/abstractfactorydemo/ITDiploma.java</file>
            <file>file:/C:/Users/2135813/Documents/NetBeansProjects/CPIT-252/src/abstractfactorydemo/ITDegree.java</file>
            <file>file:/C:/Users/2135813/Documents/NetBeansProjects/CPIT-252/src/abstractfactorydemo1/SamsungProductFactory.java</file>
        </group>
    </open-files>
</project-private>
