<?xml version="1.0" encoding="UTF-8"?>
<project-private xmlns="http://www.netbeans.org/ns/project-private/1">
    <editor-bookmarks xmlns="http://www.netbeans.org/ns/editor-bookmarks/2" lastBookmarkId="0"/>
    <open-files xmlns="http://www.netbeans.org/ns/projectui-open-files/2">
        <group>
            <file>file:/C:/Users/96657/Desktop/CPIT-252%20tuesday/src/Strategypatterndemo2/PaypalPaymentStrategy.java</file>
            <file>file:/C:/Users/96657/Desktop/CPIT-252%20tuesday/src/Strategypatterndemo3/Strategy.java</file>
            <file>file:/C:/Users/96657/Desktop/CPIT-252%20tuesday/src/Strategypatterndemo3/OperationAdd.java</file>
            <file>file:/C:/Users/96657/Desktop/CPIT-252%20tuesday/src/Strategypatterndemo2/PaymentStrategy.java</file>
            <file>file:/C:/Users/96657/Desktop/CPIT-252%20tuesday/src/Strategypatterndemo3/OperationSubstract.java</file>
            <file>file:/C:/Users/96657/Desktop/CPIT-252%20tuesday/src/Strategypatterndemo3/OperationMultiply.java</file>
            <file>file:/C:/Users/96657/Desktop/CPIT-252%20tuesday/src/Strategypatterndemo2/StrategyPatterndemo2.java</file>
            <file>file:/C:/Users/96657/Desktop/CPIT-252%20tuesday/src/Strategypatterndemo2/ShoppingCart.java</file>
            <file>file:/C:/Users/96657/Desktop/CPIT-252%20tuesday/src/Strategypatterndemo2/CreditCardpaymentStrategy.java</file>
            <file>file:/C:/Users/96657/Desktop/CPIT-252%20tuesday/src/Strategypatterndemo2/Item.java</file>
        </group>
    </open-files>
</project-private>
