<?xml version="1.0" encoding="UTF-8"?>
<project-private xmlns="http://www.netbeans.org/ns/project-private/1">
    <editor-bookmarks xmlns="http://www.netbeans.org/ns/editor-bookmarks/2" lastBookmarkId="0"/>
    <open-files xmlns="http://www.netbeans.org/ns/projectui-open-files/2">
        <group>
            <file>file:/C:/Users/96657/Documents/NetBeansProjects/CPIT-252/src/VisitorPatternDemo3/AutoInsurancePlan.java</file>
            <file>file:/C:/Users/96657/Documents/NetBeansProjects/CPIT-252/src/VisitorPatternDemo3/Demo.java</file>
            <file>file:/C:/Users/96657/Documents/NetBeansProjects/CPIT-252/src/VisitorPatternDemo3/HealthInsurancePlan.java</file>
            <file>file:/C:/Users/96657/Documents/NetBeansProjects/CPIT-252/src/VisitorPatternDemo3/InsurancePlan.java</file>
            <file>file:/C:/Users/96657/Documents/NetBeansProjects/CPIT-252/src/VisitorPatternDemo3/BenefitsDescriptionVisitor.java</file>
            <file>file:/C:/Users/96657/Documents/NetBeansProjects/CPIT-252/src/VisitorPatternDemo3/PremiumCalculatorVisitor.java</file>
            <file>file:/C:/Users/96657/Documents/NetBeansProjects/CPIT-252/src/VisitorPatternDemo3/InsurancePlanVisitor.java</file>
            <file>file:/C:/Users/96657/Documents/NetBeansProjects/CPIT-252/src/IteratorPatternDemo/Course.java</file>
            <file>file:/C:/Users/96657/Documents/NetBeansProjects/CPIT-252/src/IteratorPatternDemo/Iteratorpatterndemo.java</file>
            <file>file:/C:/Users/96657/Documents/NetBeansProjects/CPIT-252/src/IteratorPatternDemo/CourseCollection.java</file>
            <file>file:/C:/Users/96657/Documents/NetBeansProjects/CPIT-252/src/VisitorPatternDemo3/LifeInsurancePlan.java</file>
        </group>
    </open-files>
</project-private>
