<?xml version="1.0" encoding="UTF-8"?>
<project-private xmlns="http://www.netbeans.org/ns/project-private/1">
    <editor-bookmarks xmlns="http://www.netbeans.org/ns/editor-bookmarks/2" lastBookmarkId="0"/>
    <open-files xmlns="http://www.netbeans.org/ns/projectui-open-files/2">
        <group>
            <file>file:/C:/Users/96657/Documents/NetBeansProjects/CPIT-252/src/observerpatterndemo/Observerpatterndemo.java</file>
            <file>file:/C:/Users/96657/Documents/NetBeansProjects/CPIT-252/src/observerpatterndemo/HighManagementObs.java</file>
            <file>file:/C:/Users/96657/Documents/NetBeansProjects/CPIT-252/src/observerpatterndemo/Employee.java</file>
            <file>file:/C:/Users/96657/Documents/NetBeansProjects/CPIT-252/src/observerpatterndemo2/WeatherData.java</file>
            <file>file:/C:/Users/96657/Documents/NetBeansProjects/CPIT-252/src/observerpatterndemo2/CurrentConditionsDisplay.java</file>
            <file>file:/C:/Users/96657/Documents/NetBeansProjects/CPIT-252/src/observerpatterndemo2/WeatherObserver.java</file>
            <file>file:/C:/Users/96657/Documents/NetBeansProjects/CPIT-252/src/observerpatterndemo/Observer.java</file>
            <file>file:/C:/Users/96657/Documents/NetBeansProjects/CPIT-252/src/observerpatterndemo/HumanResourcesObs.java</file>
        </group>
    </open-files>
</project-private>
