<?xml version="1.0" encoding="UTF-8"?>
<project-private xmlns="http://www.netbeans.org/ns/project-private/1">
    <editor-bookmarks xmlns="http://www.netbeans.org/ns/editor-bookmarks/2" lastBookmarkId="0"/>
    <open-files xmlns="http://www.netbeans.org/ns/projectui-open-files/2">
        <group>
            <file>file:/C:/Users/96657/Documents/NetBeansProjects/CPIT-252/src/decoratorpatterndemo1/DecoratorPatternDemo1.java</file>
            <file>file:/C:/Users/96657/Documents/NetBeansProjects/CPIT-252/src/decoratorpatterncustomer/Food.java</file>
            <file>file:/C:/Users/96657/Documents/NetBeansProjects/CPIT-252/src/decoratorpatterndemo/Program.java</file>
            <file>file:/C:/Users/96657/Documents/NetBeansProjects/CPIT-252/src/decoratorpatterndemo1/Circle.java</file>
            <file>file:/C:/Users/96657/Documents/NetBeansProjects/CPIT-252/src/decoratorpatterndemo/CSDegree.java</file>
            <file>file:/C:/Users/96657/Documents/NetBeansProjects/CPIT-252/src/decoratorpatterndemo/DecoratorPatternDemo.java</file>
            <file>file:/C:/Users/96657/Documents/NetBeansProjects/CPIT-252/src/decoratorpatterndemo1/Shape.java</file>
            <file>file:/C:/Users/96657/Documents/NetBeansProjects/CPIT-252/src/decoratorpatterndemo/ITDegree.java</file>
            <file>file:/C:/Users/96657/Documents/NetBeansProjects/CPIT-252/src/decoratorpatterncustomer/VegFood.java</file>
            <file>file:/C:/Users/96657/Documents/NetBeansProjects/CPIT-252/src/decoratorpatterndemo/ITDiploma.java</file>
            <file>file:/C:/Users/96657/Documents/NetBeansProjects/CPIT-252/src/decoratorpatterndemo1/Rectangle.java</file>
            <file>file:/C:/Users/96657/Documents/NetBeansProjects/CPIT-252/src/decoratorpatterncustomer/DecoratorPatternCustomer.java</file>
            <file>file:/C:/Users/96657/Documents/NetBeansProjects/CPIT-252/src/decoratorpatterndemo1/ShapeDecorator.java</file>
            <file>file:/C:/Users/96657/Documents/NetBeansProjects/CPIT-252/src/decoratorpatterncustomer/NonVegFood.java</file>
            <file>file:/C:/Users/96657/Documents/NetBeansProjects/CPIT-252/src/decoratorpatterncustomer/ChineseFood.java</file>
            <file>file:/C:/Users/96657/Documents/NetBeansProjects/CPIT-252/src/decoratorpatterndemo1/RedShapeDecorator.java</file>
            <file>file:/C:/Users/96657/Documents/NetBeansProjects/CPIT-252/src/decoratorpatterndemo/ProgDecorator.java</file>
            <file>file:/C:/Users/96657/Documents/NetBeansProjects/CPIT-252/src/decoratorpatterncustomer/FoodDecorator.java</file>
        </group>
    </open-files>
</project-private>
