<?xml version="1.0" encoding="UTF-8"?>
<project-private xmlns="http://www.netbeans.org/ns/project-private/1">
    <editor-bookmarks xmlns="http://www.netbeans.org/ns/editor-bookmarks/2" lastBookmarkId="0"/>
    <open-files xmlns="http://www.netbeans.org/ns/projectui-open-files/2">
        <group>
            <file>file:/C:/Users/96657/Documents/NetBeansProjects/CPIT-252/src/bridgepatterndemo1/Shape.java</file>
            <file>file:/C:/Users/96657/Documents/NetBeansProjects/CPIT-252/src/shapecompositedemo/Shape2.java</file>
            <file>file:/C:/Users/96657/Documents/NetBeansProjects/CPIT-252/src/CompositeDesignPattern/CompositeDesignPatternMain.java</file>
            <file>file:/C:/Users/96657/Documents/NetBeansProjects/CPIT-252/src/bridgepatterndemo1/Rectangle.java</file>
            <file>file:/C:/Users/96657/Documents/NetBeansProjects/CPIT-252/src/bridgepatterndemo1/Sphere.java</file>
            <file>file:/C:/Users/96657/Documents/NetBeansProjects/CPIT-252/src/shapecompositedemo/ShapeCompositeDemo.java</file>
            <file>file:/C:/Users/96657/Documents/NetBeansProjects/CPIT-252/src/CompositeDesignPattern/Developer.java</file>
            <file>file:/C:/Users/96657/Documents/NetBeansProjects/CPIT-252/src/bridgepatterndemo/Fan.java</file>
            <file>file:/C:/Users/96657/Documents/NetBeansProjects/CPIT-252/src/bridgepatterndemo1/BridgePatternDemo1.java</file>
            <file>file:/C:/Users/96657/Documents/NetBeansProjects/CPIT-252/src/shapecompositedemo/Drawing.java</file>
            <file>file:/C:/Users/96657/Documents/NetBeansProjects/CPIT-252/src/bridgepatterndemo/BridgePatternDemo.java</file>
            <file>file:/C:/Users/96657/Documents/NetBeansProjects/CPIT-252/src/adapterpatterndemo1/PayCalculator.java</file>
            <file>file:/C:/Users/96657/Documents/NetBeansProjects/CPIT-252/src/adapterpatterndemo/BankDetails.java</file>
            <file>file:/C:/Users/96657/Documents/NetBeansProjects/CPIT-252/src/adapterpatterndemo/AdapterPatternDemo.java</file>
            <file>file:/C:/Users/96657/Documents/NetBeansProjects/CPIT-252/src/bridgepatterndemo/Switch.java</file>
            <file>file:/C:/Users/96657/Documents/NetBeansProjects/CPIT-252/src/bridgepatterndemo1/Circle.java</file>
            <file>file:/C:/Users/96657/Documents/NetBeansProjects/CPIT-252/src/adapterpatterndemo1/CalculateAdapt.java</file>
            <file>file:/C:/Users/96657/Documents/NetBeansProjects/CPIT-252/src/adapterpatterndemo1/ClientApplication.java</file>
            <file>file:/C:/Users/96657/Documents/NetBeansProjects/CPIT-252/src/CompositeDesignPattern/Employee.java</file>
            <file>file:/C:/Users/96657/Documents/NetBeansProjects/CPIT-252/src/bridgepatterndemo/Bulb.java</file>
            <file>file:/C:/Users/96657/Documents/NetBeansProjects/CPIT-252/src/CompositeDesignPattern/Manager.java</file>
            <file>file:/C:/Users/96657/Documents/NetBeansProjects/CPIT-252/src/shapecompositedemo/Rectangle.java</file>
            <file>file:/C:/Users/96657/Documents/NetBeansProjects/CPIT-252/src/shapecompositedemo/Circle.java</file>
            <file>file:/C:/Users/96657/Documents/NetBeansProjects/CPIT-252/src/adapterpatterndemo/BankCustomer.java</file>
            <file>file:/C:/Users/96657/Documents/NetBeansProjects/CPIT-252/src/adapterpatterndemo1/ICalculate.java</file>
            <file>file:/C:/Users/96657/Documents/NetBeansProjects/CPIT-252/src/adapterpatterndemo/CreditCard.java</file>
            <file>file:/C:/Users/96657/Documents/NetBeansProjects/CPIT-252/src/compositepatterndemo1/Plan.java</file>
        </group>
    </open-files>
</project-private>
